{
  "position": {
    "x": 0.5463494875509453,
    "y": -0.6626878489680753,
    "z": 0.2597402737273849
  },
  "camera_frame_position": {
    "x": -0.035798298823073414,
    "y": 0.012725674216935195,
    "z": 0.2097000488012271,
    "camera_name": "zed_left"
  },
  "bounding_box": {
    "center": {
      "x": 0.5463494875509453,
      "y": -0.6126878489680753,
      "z": 0.2597402737273849
    },
    "extent": {
      "x": 0.008555393417955304,
      "y": 0.00031951997759921413,
      "z": 0.008625415050986518
    }
  },
  "plane": {
    "normal": {
      "x": 0.03837123992873939,
      "y": -0.9990206603191409,
      "z": 0.02203107355166081
    },
    "d": -0.6387733802629818,
    "n_inliers": 3420,
    "n_points": 3420
  },
  "orientation": {
    "quaternion_xyzw": [
      0.698759011628092,
      0.026838533728606815,
      -0.0,
      0.714853507213772
    ],
    "euler_xyz_deg": [
      88.73667981341434,
      2.199049957173144,
      2.151101080830975
    ]
  }
}